Person,Team,Status,Reddit,Date,Date Out
Jabari Parker,Celtics,In Protocol,Link, 12 16 2021
Al Horford,Celtics,In Protocol,Link, 12 17 2021
Grant Williams,Celtics,In Protocol,Link, 12 17 2021
Juancho Hernangomez,Celtics,In Protocol,Link, 12 17 2021
Sam Hauser,Celtics,In Protocol,Link, 12 17 2021
Paul Millsap,Nets,In Protocol,Link, 12 13 2021
LaMarcus Aldridge,Nets,In Protocol,Link, 12 14 2021
DeAndre Bembry,Nets,In Protocol,Link, 12 14 2021
Jevon Carter,Nets,In Protocol,Link, 12 14 2021
James Johnson,Nets,In Protocol,Link, 12 14 2021
James Harden,Nets,In Protocol,Link, 12 14 2021
Bruce Brown,Nets,In Protocol,Link, 12 14 2021
Kevin Durant,Nets,In Protocol,Link, 12 18 2021
Kyrie Irving,Nets,In Protocol,Link, 12 18 2021
Obi Toppin,Knicks,In Protocol,Link, 12 11 2021
RJ Barrett,Knicks,In Protocol,Link, 12 12 2021
Quentin Grimes,Knicks,In Protocol,Link, 12 14 2021
Kevin Knox II,Knicks,In Protocol,Link, 12 16 2021
Immanuel Quickley,Knicks,In Protocol,Link, 12 17 2021
Miles McBride,Knicks,In Protocol,Link, 12 18 2021
Georges Niang,Sixers,In Protocol,Link, 12 15 2021
Coby White,Bulls,Practicing with Team -  12 12,Link, 12 1 2021, 12 12 2021
Javonte Green,Bulls,Practicing with Team -  12 16,Link, 12 3 2021, 12 16 2021
DeMar DeRozan,Bulls,Available -  12 17,Link, 12 6 2021, 12 17 2021
Matt Thomas,Bulls,In Protocol,Link, 12 8 2021
Derrick Jones Jr.,Bulls,In Protocol,Link, 12 9 2021
Ayo Dosunmu,Bulls,In Protocol,Link, 12 11 2021
Stanley Johnson,Bulls,In Protocol,Link, 12 11 2021
Zach LaVine,Bulls,In Protocol,Link, 12 12 2021
Troy Brown Jr.,Bulls,In Protocol,Link, 12 12 2021
Alize Johnson,Bulls,In Protocol,Link, 12 13 2021
Isaac Okoro,Cavaliers,In Protocol,Link, 12 16 2021
Evan Mobley,Cavaliers,In Protocol,Link, 12 18 2021
Wesley Matthews,Bucks,In Protocol,Link, 12 11 2021
Giannis Antetokounmpo,Bucks,In Protocol,Link, 12 14 2021
Donte DiVincenzo,Bucks,In Protocol,Link, 12 14 2021
Bobby Portis,Bucks,In Protocol,Link, 12 16 2021
Caleb Martin,Heat,In Protocol,Link, 12 11 2021
Ignas Brazdeikis,Magic,In Protocol,, 12 16 2021
R.J. Hampton,Magic,In Protocol,Link, 12 17 2021
Terrence Ross,Magic,In Protocol,Link, 12 17 2021
Moe Wagner,Magic,In Protocol,Link, 12 17 2021
Mo Bamba,Magic,In Protocol,Link, 12 17 2021
Austin Rivers,Nuggets,In Protocol,Link, 12 1 2021
Bol Bol,Nuggets,In Protocol,Link, 12 17 2021
Michael Porter Jr. (Injured),Nuggets,In Protocol,Link, 12 17 2021
Anthony Edwards,Timberwolves,In Protocol,Link, 12 17 2021
Taurean Prince,Timberwolves,In Protocol,Link, 12 17 2021
Jordan Poole,Warriors,In Protocol,Link, 12 17 2021
Marcus Morris Sr.,Clippers,In Protocol,Link, 12 18 2021
Talen Horton-Tucker,Lakers,In Protocol,Link, 12 14 2021
Dwight Howard,Lakers,In Protocol,Link, 12 14 2021
Malik Monk,Lakers,Available -  12 16,Link, 12 14 2021, 12 16 2021
Avery Bradley,Lakers,In Protocol,Link, 12 16 2021
Kendrick Nunn,Lakers,In Protocol,Link, 12 17 2021
Austin Reaves,Lakers,In Protocol,Link, 12 17 2021
Marvin Bagley,Kings,In Protocol,Link, 12 15 2021
Terence Davis,Kings,In Protocol,Link, 12 16 2021
De'Aaron Fox,Kings,In Protocol,Link, 12 16 2021
Alex Len,Kings,In Protocol,Link, 12 16 2021
Louis King,Kings,In Protocol,Link, 12 16 2021
Davion Mitchell,Kings,In Protocol,Link, 12 17 2021
Reggie Bullock,Mavericks,In Protocol,Link, 12 18 2021
Ja Morant (Injured),Grizzlies,In Protocol,Link, 12 8 2021